{"cameraMode":{"drawMode":0,"name":"Shaded","section":"Shading Mode"},"sceneLighting":true,"audioPlay":false,"sceneViewState":{"showFog":false,"showMaterialUpdate":false,"showSkybox":false,"showFlares":false,"showImageEffects":false,"showParticleSystems":true},"in2DMode":false,"pivot":{"x":-7.184891700744629,"y":1.9379663467407227,"z":14.416308403015137},"rotation":{"x":0.19221624732017518,"y":0.4415431320667267,"z":-0.09744561463594437,"w":0.8709747195243836},"size":20.792421340942384,"orthographic":false}