{"cameraMode":{"drawMode":0,"name":"Shaded","section":"Shading Mode"},"sceneLighting":false,"audioPlay":false,"sceneViewState":{"showFog":false,"showMaterialUpdate":false,"showSkybox":false,"showFlares":false,"showImageEffects":false,"showParticleSystems":true},"in2DMode":false,"pivot":{"x":15.682900428771973,"y":21.194189071655275,"z":103.06395721435547},"rotation":{"x":-0.087880939245224,"y":0.8625473380088806,"z":-0.16071119904518128,"w":-0.47165772318840029},"size":109.91825866699219,"orthographic":false}